ID Group,Group,ID Industry,Industry,ID Year,Year,ID State,State,Workforce by Industry and Gender,Workforce by Industry and Gender Moe,ACS Industry yg RCA,Geography,ID Geography,Slug Geography,Median Earnings,Median Earnings Moe,Workforce Prev,Workforce Growth,Median Earnings Prev,Median Earnings Growth,Share
0,"Agriculture, Forestry, Fishing & Hunting, & Mining",0,"Agriculture, Forestry, Fishing & Hunting",2022,"2022","04000US48","Texas",937,284.6225570821821,0.13692868253330648,"Austin, TX","16000US4805000","austin-tx",63345,85650,1088,-13.878676470588236,80214,-21.029994764006283,0.16422606059012718
0,"Agriculture, Forestry, Fishing & Hunting, & Mining",1,"Mining, Quarrying, & Oil & Gas Extraction",2022,"2022","04000US48","Texas",2218,424.90587192930155,0.8829252346647869,"Austin, TX","16000US4805000","austin-tx",175981,56397,2202,0.7266121707538601,150505,16.927012391614895,0.38874429283767564
1,"Construction (Group)",2,"Construction",2022,"2022","04000US48","Texas",33958,1956.3215482123585,0.8655267569912876,"Austin, TX","16000US4805000","austin-tx",95024,8063,36104,-5.943939729669843,85314,11.38148486766533,5.951748735879977
2,"Manufacturing (Group)",3,"Manufacturing",2022,"2022","04000US48","Texas",39606,2159.594869414169,0.6947960356119319,"Austin, TX","16000US4805000","austin-tx",150129,10278,39506,0.25312610742672,138225,8.612045577862181,6.94166206588322
3,"Wholesale Trade (Group)",4,"Wholesale Trade",2022,"2022","04000US48","Texas",10184,948.8672193726582,0.7432759372232375,"Austin, TX","16000US4805000","austin-tx",137961,21166,10097,0.8616420719025454,131124,5.214148439644916,1.7849287097650532
4,"Retail Trade (Group)",5,"Retail Trade",2022,"2022","04000US48","Texas",53504,2140.3198359123808,0.8533367809872807,"Austin, TX","16000US4805000","austin-tx",69659,4550,50816,5.289672544080604,63297,10.051029274689164,9.377535908019384
5,"Transportation & Warehousing, & Utilities",6,"Transportation & Warehousing",2022,"2022","04000US48","Texas",17797,1609.437790037254,0.6306224517580684,"Austin, TX","16000US4805000","austin-tx",79976,10390,16697,6.588009822123735,74399,7.496068495544295,3.1192435435672285
5,"Transportation & Warehousing, & Utilities",7,"Utilities",2022,"2022","04000US48","Texas",3323,435.21488945117676,0.6957679816510528,"Austin, TX","16000US4805000","austin-tx",179080,28455,3214,3.3914125700062225,152687,17.285689023950958,0.582415367493055
6,"Information (Group)",8,"Information",2022,"2022","04000US48","Texas",21559,1837.1687456518523,1.9904060464325368,"Austin, TX","16000US4805000","austin-tx",145198,23024,21561,-0.009276007606326239,125846,15.377524911399648,3.778601537099841
7,"Finance & Insurance, & Real Estate & Rental & Leasing",9,"Finance & Insurance",2022,"2022","04000US48","Texas",26448,1759.036383932976,0.9723281821547964,"Austin, TX","16000US4805000","austin-tx",165709,16691,24441,8.211611636185099,150540,10.076391656702539,4.635486499986855
7,"Finance & Insurance, & Real Estate & Rental & Leasing",10,"Real Estate & Rental & Leasing",2022,"2022","04000US48","Texas",14654,1041.4917186420637,1.357697744598643,"Austin, TX","16000US4805000","austin-tx",114313,16831,14790,-0.9195402298850575,105161,8.702846112151844,2.5683764054298006
8,"Professional, Scientific, & Management, & Administrative & Waste Management Services",11,"Professional, Scientific, & Technical Services",2022,"2022","04000US48","Texas",100078,2972.161671241993,2.2351555224895296,"Austin, TX","16000US4805000","austin-tx",181949,5700,91738,9.091107283786435,165519,9.926352865834135,17.540464985847116
8,"Professional, Scientific, & Management, & Administrative & Waste Management Services",12,"Management of Companies & Enterprises",2022,"2022","04000US48","Texas",773,233.95084953895767,0.9774188167367783,"Austin, TX","16000US4805000","austin-tx",205449,77987,820,-5.731707317073171,239375,-14.172741514360313,0.1354821182883333
8,"Professional, Scientific, & Management, & Administrative & Waste Management Services",13,"Administrative & Support & Waste Management Services",2022,"2022","04000US48","Texas",24258,1658.8758241652688,1.0245391084279374,"Austin, TX","16000US4805000","austin-tx",74292,6980,23238,4.389362251484638,68979,7.702344191710521,4.251649709493388
9,"Educational Services, & Health Care & Social Assistance",14,"Educational Services",2022,"2022","04000US48","Texas",55978,2233.469274469653,1.0532213707017013,"Austin, TX","16000US4805000","austin-tx",101326,6195,56753,-1.3655665779782566,92282,9.800394443120002,9.811148793718397
9,"Educational Services, & Health Care & Social Assistance",15,"Health Care & Social Assistance",2022,"2022","04000US48","Texas",54569,2098.7472453823493,0.6863110830875516,"Austin, TX","16000US4805000","austin-tx",112837,5082,51865,5.213535139303962,101408,11.270313979173242,9.564196265040179
10,"Arts, Entertainment, & Recreation, & Accommodation & Food Services",16,"Arts, Entertainment, & Recreation",2022,"2022","04000US48","Texas",12716,1181.1964273566018,1.0701837312248823,"Austin, TX","16000US4805000","austin-tx",64782,8564,11938,6.517004523370749,64926,-0.22179096201829776,2.2287071360342123
10,"Arts, Entertainment, & Recreation, & Accommodation & Food Services",17,"Accommodation & Food Services",2022,"2022","04000US48","Texas",41383,1934.216378795299,1.054083523959098,"Austin, TX","16000US4805000","austin-tx",49491,4719,42800,-3.310747663551402,45458,8.871925733644243,7.253113196799607
11,"Other Services, Except Public Administration (Group)",18,"Other Services, Except Public Administration",2022,"2022","04000US48","Texas",26034,1449.5106070670888,0.9655592534255137,"Austin, TX","16000US4805000","austin-tx",,,25648,1.5049906425452277,,NaN,4.562925572468912
12,"Public Administration (Group)",19,"Public Administration",2022,"2022","04000US48","Texas",30578,1596.97370047224,1.1438913950132892,"Austin, TX","16000US4805000","austin-tx",132003,7119,30290,0.950808847804556,123065,7.262828586519319,5.35934309575764
0,"Agriculture, Forestry, Fishing & Hunting, & Mining",0,"Agriculture, Forestry, Fishing & Hunting",2021,"2021","04000US48","Texas",1088,330.21508142421357,0.16295781506382448,"Austin, TX","16000US4805000","austin-tx",80214,27138,1222,-10.965630114566286,67192,19.38028336706751,0.19582221934248367
0,"Agriculture, Forestry, Fishing & Hunting, & Mining",1,"Mining, Quarrying, & Oil & Gas Extraction",2021,"2021","04000US48","Texas",2202,388.1043674065006,0.8654086089860297,"Austin, TX","16000US4805000","austin-tx",150505,53081,2290,-3.8427947598253276,131105,14.797299874146677,0.39632401377954884
1,"Construction (Group)",2,"Construction",2021,"2021","04000US48","Texas",36104,1915.959550721257,0.9550331894087032,"Austin, TX","16000US4805000","austin-tx",85314,6923,37902,-4.743812991398871,79116,7.834066434096769,6.498129969798742
2,"Manufacturing (Group)",3,"Manufacturing",2021,"2021","04000US48","Texas",39506,2001.1459217158554,0.7094710077863368,"Austin, TX","16000US4805000","austin-tx",138225,9037,39020,1.2455151204510506,129597,6.657561517627723,7.110434372558972
3,"Wholesale Trade (Group)",4,"Wholesale Trade",2021,"2021","04000US48","Texas",10097,909.7977797291001,0.730807485766962,"Austin, TX","16000US4805000","austin-tx",131124,17243,11147,-9.419574773481653,116846,12.219502593156804,1.817294989614943
4,"Retail Trade (Group)",5,"Retail Trade",2021,"2021","04000US48","Texas",50816,2190.909628442031,0.8349745658264222,"Austin, TX","16000US4805000","austin-tx",63297,3951,54073,-6.02333881974368,60059,5.391365157595032,9.146049538701886
5,"Transportation & Warehousing, & Utilities",6,"Transportation & Warehousing",2021,"2021","04000US48","Texas",16697,1363.824402186733,0.6230024544783315,"Austin, TX","16000US4805000","austin-tx",74399,7575,15980,4.48685857321652,73216,1.6157670454545456,3.0051871290086862
5,"Transportation & Warehousing, & Utilities",7,"Utilities",2021,"2021","04000US48","Texas",3214,458.2597516692908,0.6965471167342584,"Austin, TX","16000US4805000","austin-tx",152687,23771,3196,0.5632040050062578,163395,-6.553444107836837,0.5784674751532561
6,"Information (Group)",8,"Information",2021,"2021","04000US48","Texas",21561,1706.8450427616444,2.0164580579014957,"Austin, TX","16000US4805000","austin-tx",125846,13779,21726,-0.7594587130626899,117188,7.388128477318497,3.8806276390103775
7,"Finance & Insurance, & Real Estate & Rental & Leasing",9,"Finance & Insurance",2021,"2021","04000US48","Texas",24441,1569.3122697538563,0.9287557733713808,"Austin, TX","16000US4805000","austin-tx",150540,16678,24253,0.775161835649198,135293,11.269614835948644,4.398980572564011
7,"Finance & Insurance, & Real Estate & Rental & Leasing",10,"Real Estate & Rental & Leasing",2021,"2021","04000US48","Texas",14790,1178.019524456195,1.3870456281649721,"Austin, TX","16000US4805000","austin-tx",105161,11422,15404,-3.985977668138146,104086,1.032799800165248,2.6619582941868876
8,"Professional, Scientific, & Management, & Administrative & Waste Management Services",11,"Professional, Scientific, & Technical Services",2021,"2021","04000US48","Texas",91738,2827.5206453711353,2.160812755630466,"Austin, TX","16000US4805000","austin-tx",165519,5481,87351,5.0222664880768395,152014,8.884050153275357,16.51134077025806
8,"Professional, Scientific, & Management, & Administrative & Waste Management Services",12,"Management of Companies & Enterprises",2021,"2021","04000US48","Texas",820,254.65663156493687,1.0378972019483013,"Austin, TX","16000US4805000","austin-tx",239375,173166,712,15.168539325842698,189910,26.04654836501501,0.1475865991367984
8,"Professional, Scientific, & Management, & Administrative & Waste Management Services",13,"Administrative & Support & Waste Management Services",2021,"2021","04000US48","Texas",23238,1479.2122903761988,1.0045310529047855,"Austin, TX","16000US4805000","austin-tx",68979,7380,23946,-2.9566524680531194,63440,8.73108448928121,4.182460232610879
9,"Educational Services, & Health Care & Social Assistance",14,"Educational Services",2021,"2021","04000US48","Texas",56753,2274.7083329517213,1.0945526163497852,"Austin, TX","16000US4805000","austin-tx",92282,5153,57376,-1.085819854991634,87860,5.033007056681083,10.214612513183804
9,"Educational Services, & Health Care & Social Assistance",15,"Health Care & Social Assistance",2021,"2021","04000US48","Texas",51865,2153.546145314746,0.6666879931352084,"Austin, TX","16000US4805000","austin-tx",101408,5539,53912,-3.7969283276450514,97502,4.006071670324711,9.334852395402498
10,"Arts, Entertainment, & Recreation, & Accommodation & Food Services",16,"Arts, Entertainment, & Recreation",2021,"2021","04000US48","Texas",11938,1068.5565029515285,1.0254703785227695,"Austin, TX","16000US4805000","austin-tx",64926,10034,13119,-9.002210534339508,60965,6.497170507668335,2.1486449030428036
10,"Arts, Entertainment, & Recreation, & Accommodation & Food Services",17,"Accommodation & Food Services",2021,"2021","04000US48","Texas",42800,2082.4209468788968,1.0984218331311155,"Austin, TX","16000US4805000","austin-tx",45458,4522,43472,-1.5458225984541774,45094,0.8072027320707855,7.70330054031094
11,"Other Services, Except Public Administration (Group)",18,"Other Services, Except Public Administration",2021,"2021","04000US48","Texas",25648,1512.9058133274523,0.9713948726648768,"Austin, TX","16000US4805000","austin-tx",,,26908,-4.682622268470343,,NaN,4.616220847147079
12,"Public Administration (Group)",19,"Public Administration",2021,"2021","04000US48","Texas",30290,1573.5742753362488,1.1604633264111517,"Austin, TX","16000US4805000","austin-tx",123065,5003,29580,2.4002704530087895,114631,7.357521089408624,5.451704985187345
0,"Agriculture, Forestry, Fishing & Hunting, & Mining",0,"Agriculture, Forestry, Fishing & Hunting",2020,"2020","04000US48","Texas",1222,334.5743564590687,0.17705835411432969,"Austin, TX","16000US4805000","austin-tx",67192,35727,1239,-1.3720742534301855,62550,7.421262989608314,0.21721007698337508
0,"Agriculture, Forestry, Fishing & Hunting, & Mining",1,"Mining, Quarrying, & Oil & Gas Extraction",2020,"2020","04000US48","Texas",2290,377.8160928282436,0.8505774171152478,"Austin, TX","16000US4805000","austin-tx",131105,40762,2580,-11.24031007751938,144442,-9.2334639509284,0.4070467072765376
1,"Construction (Group)",2,"Construction",2020,"2020","04000US48","Texas",37902,1943.3604915197798,1.0082707372164277,"Austin, TX","16000US4805000","austin-tx",79116,7844,39781,-4.723360398180035,74892,5.640121775356513,6.737067379561279
2,"Manufacturing (Group)",3,"Manufacturing",2020,"2020","04000US48","Texas",39020,1606.9474166879263,0.6923106523305448,"Austin, TX","16000US4805000","austin-tx",129597,11368,38884,0.3497582553235264,134719,-3.8019878413586796,6.935791492546069
3,"Wholesale Trade (Group)",4,"Wholesale Trade",2020,"2020","04000US48","Texas",11147,983.3788690021767,0.7776743251500109,"Austin, TX","16000US4805000","austin-tx",116846,12619,10611,5.051361794364339,114322,2.2077990238099403,1.9813753912714254
4,"Retail Trade (Group)",5,"Retail Trade",2020,"2020","04000US48","Texas",54073,2419.2207423052573,0.8713655136085015,"Austin, TX","16000US4805000","austin-tx",60059,3498,51031,5.961082479277302,59772,0.4801579334805595,9.61145703168743
5,"Transportation & Warehousing, & Utilities",6,"Transportation & Warehousing",2020,"2020","04000US48","Texas",15980,1315.4926833699988,0.6073510234890173,"Austin, TX","16000US4805000","austin-tx",73216,11505,14743,8.390422573424676,74401,-1.592720527949893,2.840439468244136
5,"Transportation & Warehousing, & Utilities",7,"Utilities",2020,"2020","04000US48","Texas",3196,535.2803004034429,0.6884774067829135,"Austin, TX","16000US4805000","austin-tx",163395,28749,3016,5.968169761273209,144724,12.901108316519721,0.5680878936488271
6,"Information (Group)",8,"Information",2020,"2020","04000US48","Texas",21726,1705.7268245530993,1.9630283494163783,"Austin, TX","16000US4805000","austin-tx",117188,7453,19187,13.232918121644863,114879,2.0099408943322974,3.8617889791659628
7,"Finance & Insurance, & Real Estate & Rental & Leasing",9,"Finance & Insurance",2020,"2020","04000US48","Texas",24253,1563.1385095377825,0.9221400717835102,"Austin, TX","16000US4805000","austin-tx",135293,13024,24039,0.8902200590706769,127633,6.001582662790971,4.310962354400815
7,"Finance & Insurance, & Real Estate & Rental & Leasing",10,"Real Estate & Rental & Leasing",2020,"2020","04000US48","Texas",15404,1221.9623562123345,1.4080089554485296,"Austin, TX","16000US4805000","austin-tx",104086,11777,15546,-0.9134182426347612,97825,6.400204446716075,2.7380556676365875
8,"Professional, Scientific, & Management, & Administrative & Waste Management Services",11,"Professional, Scientific, & Technical Services",2020,"2020","04000US48","Texas",87351,2710.6062052611032,2.0907357266335143,"Austin, TX","16000US4805000","austin-tx",152014,5439,80071,9.091930911316206,145808,4.256282234170965,15.526610011927003
8,"Professional, Scientific, & Management, & Administrative & Waste Management Services",12,"Management of Companies & Enterprises",2020,"2020","04000US48","Texas",712,224.64416306683776,0.9105365253187802,"Austin, TX","16000US4805000","austin-tx",189910,110266,796,-10.552763819095476,164435,15.49244382278712,0.126557753528775
8,"Professional, Scientific, & Management, & Administrative & Waste Management Services",13,"Administrative & Support & Waste Management Services",2020,"2020","04000US48","Texas",23946,1503.4496998569657,1.0178535675484048,"Austin, TX","16000US4805000","austin-tx",63440,5660,25395,-5.7058476077968105,60264,5.270144696667995,4.256393210674222
9,"Educational Services, & Health Care & Social Assistance",14,"Educational Services",2020,"2020","04000US48","Texas",57376,2161.9030968107704,1.0951794562330828,"Austin, TX","16000US4805000","austin-tx",87860,5275,56335,1.8478743232448742,83068,5.768767756536813,10.19856413829634
9,"Educational Services, & Health Care & Social Assistance",15,"Health Care & Social Assistance",2020,"2020","04000US48","Texas",53912,2147.5567512873786,0.6853086917976685,"Austin, TX","16000US4805000","austin-tx",97502,5219,53371,1.0136591032583238,93233,4.578850836077355,9.58283933742039
10,"Arts, Entertainment, & Recreation, & Accommodation & Food Services",16,"Arts, Entertainment, & Recreation",2020,"2020","04000US48","Texas",13119,1089.0188244470341,1.0815908104007086,"Austin, TX","16000US4805000","austin-tx",60965,9099,12676,3.49479331019249,58571,4.087346980587663,2.3318977086292123
10,"Arts, Entertainment, & Recreation, & Accommodation & Food Services",17,"Accommodation & Food Services",2020,"2020","04000US48","Texas",43472,1851.1415396992204,1.0668489429769237,"Austin, TX","16000US4805000","austin-tx",45094,3007,45246,-3.920788577995845,45231,-0.3028896111074263,7.727132951408578
11,"Other Services, Except Public Administration (Group)",18,"Other Services, Except Public Administration",2020,"2020","04000US48","Texas",26908,1583.743981835448,0.9919350445999469,"Austin, TX","16000US4805000","austin-tx",,,26847,0.22721346891645247,,NaN,4.782887685326233
12,"Public Administration (Group)",19,"Public Administration",2020,"2020","04000US48","Texas",29580,1578.9696007206726,1.1272413601161042,"Austin, TX","16000US4805000","austin-tx",114631,5597,29509,0.2406045613202752,114375,0.22382513661202186,5.257834760366804
0,"Agriculture, Forestry, Fishing & Hunting, & Mining",0,"Agriculture, Forestry, Fishing & Hunting",2019,"2019","04000US48","Texas",1239,302.80356668969404,0.1786079310620789,"Austin, TX","16000US4805000","austin-tx",62550,18942,1239,0,56293,11.115058710674507,0.22490347665559995
0,"Agriculture, Forestry, Fishing & Hunting, & Mining",1,"Mining, Quarrying, & Oil & Gas Extraction",2019,"2019","04000US48","Texas",2580,448.56326198207535,0.9134021727207361,"Austin, TX","16000US4805000","austin-tx",144442,34361,2120,21.69811320754717,144974,-0.3669623518699905,0.46832200950076514
1,"Construction (Group)",2,"Construction",2019,"2019","04000US48","Texas",39781,2078.8814300002778,1.0953833150392358,"Austin, TX","16000US4805000","austin-tx",74892,8397,38022,4.626269002156646,70305,6.524429272455729,7.221053434089122
2,"Manufacturing (Group)",3,"Manufacturing",2019,"2019","04000US48","Texas",38884,1530.697226756487,0.6982810117854562,"Austin, TX","16000US4805000","austin-tx",134719,11043,38587,0.7696892735895509,124936,7.830409169494781,7.058229851716183
3,"Wholesale Trade (Group)",4,"Wholesale Trade",2019,"2019","04000US48","Texas",10611,880.1164695652502,0.7425326598297101,"Austin, TX","16000US4805000","austin-tx",114322,11590,10396,2.0681031165833015,100629,13.607409394906043,1.9261104041909374
4,"Retail Trade (Group)",5,"Retail Trade",2019,"2019","04000US48","Texas",51031,1806.0609070571234,0.8306749560465023,"Austin, TX","16000US4805000","austin-tx",59772,2758,51953,-1.774680961638404,57253,4.399769444395927,9.263155219702925
5,"Transportation & Warehousing, & Utilities",6,"Transportation & Warehousing",2019,"2019","04000US48","Texas",14743,1086.7865475796063,0.5887332264126651,"Austin, TX","16000US4805000","austin-tx",74401,9920,14404,2.3535129130797,75162,-1.012479710492004,2.6761517000270465
5,"Transportation & Warehousing, & Utilities",7,"Utilities",2019,"2019","04000US48","Texas",3016,421.2956206750789,0.6690236263045092,"Austin, TX","16000US4805000","austin-tx",144724,24122,2941,2.550153009180551,136204,6.255322898005932,0.54746479870322
6,"Information (Group)",8,"Information",2019,"2019","04000US48","Texas",19187,1181.9124333045997,1.7316960282423821,"Austin, TX","16000US4805000","austin-tx",114879,6521,18048,6.310948581560284,105942,8.435747862037719,3.4828272853841784
7,"Finance & Insurance, & Real Estate & Rental & Leasing",9,"Finance & Insurance",2019,"2019","04000US48","Texas",24039,1308.147545195113,0.9458655584813053,"Austin, TX","16000US4805000","austin-tx",127633,9650,23328,3.0478395061728394,122610,4.096729467417013,4.363563095499571
7,"Finance & Insurance, & Real Estate & Rental & Leasing",10,"Real Estate & Rental & Leasing",2019,"2019","04000US48","Texas",15546,1121.2568840368383,1.452693185627431,"Austin, TX","16000US4805000","austin-tx",97825,7907,15012,3.557154276578737,95877,2.0317698718149297,2.8219123874801917
8,"Professional, Scientific, & Management, & Administrative & Waste Management Services",11,"Professional, Scientific, & Technical Services",2019,"2019","04000US48","Texas",80071,2033.8977358756267,2.0197555595779795,"Austin, TX","16000US4805000","austin-tx",145808,4500,73929,8.307971161519836,142620,2.2353106156219322,14.53450062896735
8,"Professional, Scientific, & Management, & Administrative & Waste Management Services",12,"Management of Companies & Enterprises",2019,"2019","04000US48","Texas",796,207.24140512938044,1.1327548585325111,"Austin, TX","16000US4805000","austin-tx",164435,95719,835,-4.6706586826347305,121402,35.44669774797779,0.14449004634209653
8,"Professional, Scientific, & Management, & Administrative & Waste Management Services",13,"Administrative & Support & Waste Management Services",2019,"2019","04000US48","Texas",25395,1633.3784007387876,1.0840355539084963,"Austin, TX","16000US4805000","austin-tx",60264,4309,25054,1.36106011016205,56954,5.811707693928433,4.609704430725555
9,"Educational Services, & Health Care & Social Assistance",14,"Educational Services",2019,"2019","04000US48","Texas",56335,1955.1828558986497,1.1034679129149305,"Austin, TX","16000US4805000","austin-tx",83068,5092,55433,1.627189580213952,81057,2.480970181477232,10.225938141560311
9,"Educational Services, & Health Care & Social Assistance",15,"Health Care & Social Assistance",2019,"2019","04000US48","Texas",53371,1772.4130444114883,0.6979929042597641,"Austin, TX","16000US4805000","austin-tx",93233,4510,51757,3.11841876461155,88269,5.623718406235485,9.687912391110595
10,"Arts, Entertainment, & Recreation, & Accommodation & Food Services",16,"Arts, Entertainment, & Recreation",2019,"2019","04000US48","Texas",12676,840.0476176979494,1.0456123785794156,"Austin, TX","16000US4805000","austin-tx",58571,10336,12684,-0.06307158625039419,53104,10.294893040072312,2.3009495319502706
10,"Arts, Entertainment, & Recreation, & Accommodation & Food Services",17,"Accommodation & Food Services",2019,"2019","04000US48","Texas",45246,1842.8423698189708,1.1005985666270186,"Austin, TX","16000US4805000","austin-tx",45231,2007,45227,0.042010303579720076,43133,4.864025224306215,8.213061101500626
11,"Other Services, Except Public Administration (Group)",18,"Other Services, Except Public Administration",2019,"2019","04000US48","Texas",26847,1246.5071199154863,1.0030711242812822,"Austin, TX","16000US4805000","austin-tx",,,25316,6.047558856059409,,NaN,4.873271701188775
12,"Public Administration (Group)",19,"Public Administration",2019,"2019","04000US48","Texas",29509,1285.9661737386407,1.1625901877271048,"Austin, TX","16000US4805000","austin-tx",114375,4581,28511,3.500403353091789,108693,5.227567552648284,5.356478363704681
0,"Agriculture, Forestry, Fishing & Hunting, & Mining",0,"Agriculture, Forestry, Fishing & Hunting",2018,"2018","04000US48","Texas",1239,283.8045101826255,0.1803518793998494,"Austin, TX","16000US4805000","austin-tx",56293,24485,1183,4.733727810650888,49584,13.530574378831881,0.23167712548336186
0,"Agriculture, Forestry, Fishing & Hunting, & Mining",1,"Mining, Quarrying, & Oil & Gas Extraction",2018,"2018","04000US48","Texas",2120,359.94027282314494,0.7282740715321075,"Austin, TX","16000US4805000","austin-tx",144974,29735,2130,-0.4694835680751174,133618,8.49885494469308,0.3964128377923545
1,"Construction (Group)",2,"Construction",2018,"2018","04000US48","Texas",38022,2026.082920316935,1.0996780229102217,"Austin, TX","16000US4805000","austin-tx",70305,5547,37947,0.19764408253616886,68463,2.6905043600192804,7.10962684836835
2,"Manufacturing (Group)",3,"Manufacturing",2018,"2018","04000US48","Texas",38587,1607.1568062886706,0.7086798747424804,"Austin, TX","16000US4805000","austin-tx",124936,7945,37261,3.5586806580607067,117120,6.673497267759562,7.215274609383765
3,"Wholesale Trade (Group)",4,"Wholesale Trade",2018,"2018","04000US48","Texas",10396,817.1077040390697,0.7375138539471113,"Austin, TX","16000US4805000","austin-tx",100629,9791,9868,5.3506282934738545,96441,4.342551404485644,1.94391880268364
4,"Retail Trade (Group)",5,"Retail Trade",2018,"2018","04000US48","Texas",51953,1784.634976682907,0.8606571750475989,"Austin, TX","16000US4805000","austin-tx",57253,2452,51797,0.3011757437689441,53840,6.339153046062407,9.714545359351977
5,"Transportation & Warehousing, & Utilities",6,"Transportation & Warehousing",2018,"2018","04000US48","Texas",14404,1035.8194823423626,0.6116243181927549,"Austin, TX","16000US4805000","austin-tx",75162,9234,13284,8.431195423065342,71321,5.385510578931871,2.6933634507363555
5,"Transportation & Warehousing, & Utilities",7,"Utilities",2018,"2018","04000US48","Texas",2941,426.60168776037443,0.6676852543543821,"Austin, TX","16000US4805000","austin-tx",136204,21730,3037,-3.161014158709253,118781,14.668170835402968,0.549929318843073
6,"Information (Group)",8,"Information",2018,"2018","04000US48","Texas",18048,1071.6809226630844,1.6289866360167653,"Austin, TX","16000US4805000","austin-tx",105942,8500,16764,7.659269863994274,99558,6.412342554089073,3.3747447624888744
7,"Finance & Insurance, & Real Estate & Rental & Leasing",9,"Finance & Insurance",2018,"2018","04000US48","Texas",23328,1188.0235687897778,0.9451758982856212,"Austin, TX","16000US4805000","austin-tx",122610,10249,23004,1.4084507042253522,115142,6.485904361570929,4.362037113217002
7,"Finance & Insurance, & Real Estate & Rental & Leasing",10,"Real Estate & Rental & Leasing",2018,"2018","04000US48","Texas",15012,903.1771697734614,1.4454103411639736,"Austin, TX","16000US4805000","austin-tx",95877,7105,15054,-0.27899561578318055,92105,4.095325986645676,2.8070516608202007
8,"Professional, Scientific, & Management, & Administrative & Waste Management Services",11,"Professional, Scientific, & Technical Services",2018,"2018","04000US48","Texas",73929,2033.505347915269,1.9613660283287624,"Austin, TX","16000US4805000","austin-tx",142620,3596,67659,9.267059814658804,136003,4.865333852929714,13.823775794882534
8,"Professional, Scientific, & Management, & Administrative & Waste Management Services",12,"Management of Companies & Enterprises",2018,"2018","04000US48","Texas",835,234.52291998864422,1.3917593201478324,"Austin, TX","16000US4805000","austin-tx",121402,71198,752,11.037234042553191,158977,-23.635494442592325,0.15613430167764905
8,"Professional, Scientific, & Management, & Administrative & Waste Management Services",13,"Administrative & Support & Waste Management Services",2018,"2018","04000US48","Texas",25054,1428.5982640336645,1.0977072028343333,"Austin, TX","16000US4805000","austin-tx",56954,2987,23401,7.063800692278107,51275,11.07557289127255,4.684776999080023
9,"Educational Services, & Health Care & Social Assistance",14,"Educational Services",2018,"2018","04000US48","Texas",55433,1897.18343867956,1.1218421413985529,"Austin, TX","16000US4805000","austin-tx",81057,5390,54113,2.4393398998392253,78081,3.811426595458562,10.36526077233188
9,"Educational Services, & Health Care & Social Assistance",15,"Health Care & Social Assistance",2018,"2018","04000US48","Texas",51757,1947.2616670596688,0.6978883964686432,"Austin, TX","16000US4805000","austin-tx",88269,4799,49681,4.178659849841992,82224,7.351868067717454,9.677895870574948
10,"Arts, Entertainment, & Recreation, & Accommodation & Food Services",16,"Arts, Entertainment, & Recreation",2018,"2018","04000US48","Texas",12684,902.4040115159063,1.081211181468918,"Austin, TX","16000US4805000","austin-tx",53104,5816,12099,4.835110339697496,52741,0.6882690885648736,2.371745487999162
10,"Arts, Entertainment, & Recreation, & Accommodation & Food Services",17,"Accommodation & Food Services",2018,"2018","04000US48","Texas",45227,1793.2863686539301,1.1280816080040097,"Austin, TX","16000US4805000","austin-tx",43133,2495,44899,0.7305285195661373,39849,8.241110190970916,8.456869535299441
11,"Other Services, Except Public Administration (Group)",18,"Other Services, Except Public Administration",2018,"2018","04000US48","Texas",25316,1340.5767415556634,0.9690428245983222,"Austin, TX","16000US4805000","austin-tx",,,26660,-5.04126031507877,,NaN,4.733767642241154
12,"Public Administration (Group)",19,"Public Administration",2018,"2018","04000US48","Texas",28511,1288.4506199307755,1.1501360157271547,"Austin, TX","16000US4805000","austin-tx",108693,5397,28274,0.8382259319516163,103257,5.264534123594526,5.331191706744254
0,"Agriculture, Forestry, Fishing & Hunting, & Mining",0,"Agriculture, Forestry, Fishing & Hunting",2017,"2017","04000US48","Texas",1183,303.9161068452937,0.17532465104668624,"Austin, TX","16000US4805000","austin-tx",49584,25385,995,18.894472361809044,39251,26.32544393773407,0.2279967698851536
0,"Agriculture, Forestry, Fishing & Hunting, & Mining",1,"Mining, Quarrying, & Oil & Gas Extraction",2017,"2017","04000US48","Texas",2130,355.7105564922132,0.7192912604339027,"Austin, TX","16000US4805000","austin-tx",133618,24259,1943,9.624292331446217,142772,-6.411621326310481,0.41050982236295624
1,"Construction (Group)",2,"Construction",2017,"2017","04000US48","Texas",37947,1741.3618234014434,1.1515421195857565,"Austin, TX","16000US4805000","austin-tx",68463,7361,36799,3.1196499904888717,66052,3.650154423787319,7.313434849393004
2,"Manufacturing (Group)",3,"Manufacturing",2017,"2017","04000US48","Texas",37261,1463.3058463629536,0.6987524146417223,"Austin, TX","16000US4805000","austin-tx",117120,7512,36452,2.219356962580928,118042,-0.7810779214178004,7.181223704725874
3,"Wholesale Trade (Group)",4,"Wholesale Trade",2017,"2017","04000US48","Texas",9868,783.9980867323593,0.7084450985804804,"Austin, TX","16000US4805000","austin-tx",96441,11880,9887,-0.1921715383837362,88393,9.10479336599052,1.9018361159988975
4,"Retail Trade (Group)",5,"Retail Trade",2017,"2017","04000US48","Texas",51797,1933.9669076796529,0.875743077858586,"Austin, TX","16000US4805000","austin-tx",53840,2205,53292,-2.805299106807776,51623,4.294597369389614,9.982712332832884
5,"Transportation & Warehousing, & Utilities",6,"Transportation & Warehousing",2017,"2017","04000US48","Texas",13284,1035.7475561158715,0.6001703961476896,"Austin, TX","16000US4805000","austin-tx",71321,9098,11650,14.025751072961373,67508,5.648219470285003,2.5601936527086906
5,"Transportation & Warehousing, & Utilities",7,"Utilities",2017,"2017","04000US48","Texas",3037,427.28561876103436,0.7010582155881118,"Austin, TX","16000US4805000","austin-tx",118781,25282,3015,0.7296849087893864,104078,14.126904821383961,0.5853137701954451
6,"Information (Group)",8,"Information",2017,"2017","04000US48","Texas",16764,993.2381386153071,1.533320824353674,"Austin, TX","16000US4805000","austin-tx",99558,9452,16043,4.494171912983856,94386,5.479626215752336,3.230885756850985
7,"Finance & Insurance, & Real Estate & Rental & Leasing",9,"Finance & Insurance",2017,"2017","04000US48","Texas",23004,1199.233088269332,0.9536708428652805,"Austin, TX","16000US4805000","austin-tx",115142,9230,22762,1.0631754678850716,110675,4.036141856787893,4.433506081519927
7,"Finance & Insurance, & Real Estate & Rental & Leasing",10,"Real Estate & Rental & Leasing",2017,"2017","04000US48","Texas",15054,1054.059770601269,1.5029785318276996,"Austin, TX","16000US4805000","austin-tx",92105,6376,14226,5.820328975115984,81561,12.9277473302191,2.9013215332638227
8,"Professional, Scientific, & Management, & Administrative & Waste Management Services",11,"Professional, Scientific, & Technical Services",2017,"2017","04000US48","Texas",67659,2049.7199808754367,1.885211391331956,"Austin, TX","16000US4805000","austin-tx",136003,5048,63255,6.962295470713778,129368,5.12877991466205,13.039757779932042
8,"Professional, Scientific, & Management, & Administrative & Waste Management Services",12,"Management of Companies & Enterprises",2017,"2017","04000US48","Texas",752,225.22211259110418,1.5081995303076403,"Austin, TX","16000US4805000","austin-tx",158977,107960,567,32.62786596119929,150484,5.6437893729565936,0.14493116733189815
8,"Professional, Scientific, & Management, & Administrative & Waste Management Services",13,"Administrative & Support & Waste Management Services",2017,"2017","04000US48","Texas",23401,1344.6757973578615,1.0547165637709057,"Austin, TX","16000US4805000","austin-tx",51275,4151,23626,-0.9523406416659613,47316,8.367148533265704,4.510018945124665
9,"Educational Services, & Health Care & Social Assistance",14,"Educational Services",2017,"2017","04000US48","Texas",54113,1837.217461271256,1.1274012369983957,"Austin, TX","16000US4805000","austin-tx",78081,5374,52986,2.1269769373041933,76887,1.552928323383667,10.429069491796549
9,"Educational Services, & Health Care & Social Assistance",15,"Health Care & Social Assistance",2017,"2017","04000US48","Texas",49681,1762.686869526179,0.6915895611407687,"Austin, TX","16000US4805000","austin-tx",82224,6039,49366,0.6380909938014018,77365,6.280617850449169,9.574900697095789
10,"Arts, Entertainment, & Recreation, & Accommodation & Food Services",16,"Arts, Entertainment, & Recreation",2017,"2017","04000US48","Texas",12099,823.0735082603496,1.0696046465307207,"Austin, TX","16000US4805000","austin-tx",52741,8304,11646,3.889747552807831,49509,6.528106000929124,2.331811427591271
10,"Arts, Entertainment, & Recreation, & Accommodation & Food Services",17,"Accommodation & Food Services",2017,"2017","04000US48","Texas",44899,1746.5331373896117,1.1528982322948444,"Austin, TX","16000US4805000","austin-tx",39849,1946,45245,-0.7647253840203337,37986,4.904438477333755,8.653277236748531
11,"Other Services, Except Public Administration (Group)",18,"Other Services, Except Public Administration",2017,"2017","04000US48","Texas",26660,1316.7270028369585,1.049752534428012,"Austin, TX","16000US4805000","austin-tx",,,26049,2.3455794848170752,,NaN,5.138118246101602
12,"Public Administration (Group)",19,"Public Administration",2017,"2017","04000US48","Texas",28274,1355.2272872105254,1.1680290854887854,"Austin, TX","16000US4805000","austin-tx",103257,3948,28706,-1.5049118651153068,99360,3.9221014492753623,5.4491806185400105
0,"Agriculture, Forestry, Fishing & Hunting, & Mining",0,"Agriculture, Forestry, Fishing & Hunting",2016,"2016","04000US48","Texas",995,228.53664913969487,0.14752979216642184,"Austin, TX","16000US4805000","austin-tx",39251,25746,990,0.5050505050505051,62006,-36.69806147792149,0.1956697016774498
0,"Agriculture, Forestry, Fishing & Hunting, & Mining",1,"Mining, Quarrying, & Oil & Gas Extraction",2016,"2016","04000US48","Texas",1943,321.0809866684728,0.6420742765469082,"Austin, TX","16000US4805000","austin-tx",142772,42514,1955,-0.6138107416879796,136168,4.8498913107338,0.3820967139289296
1,"Construction (Group)",2,"Construction",2016,"2016","04000US48","Texas",36799,1660.1602332305156,1.1570413833185138,"Austin, TX","16000US4805000","austin-tx",66052,5775,34572,6.441629063982414,61816,6.852594797463441,7.236632514601483
2,"Manufacturing (Group)",3,"Manufacturing",2016,"2016","04000US48","Texas",36452,1288.6523968859874,0.6926790399564975,"Austin, TX","16000US4805000","austin-tx",118042,5864,34924,4.375214752032986,118013,0.024573563929397607,7.168393935222513
3,"Wholesale Trade (Group)",4,"Wholesale Trade",2016,"2016","04000US48","Texas",9887,807.975865976206,0.7205857244545658,"Austin, TX","16000US4805000","austin-tx",88393,8440,9202,7.44403390567268,85639,3.215824565910391,1.944307879884368
4,"Retail Trade (Group)",5,"Retail Trade",2016,"2016","04000US48","Texas",53292,1873.0130805736515,0.9108948265085273,"Austin, TX","16000US4805000","austin-tx",51623,2020,50410,5.71711961912319,49936,3.3783242550464596,10.48002989125091
5,"Transportation & Warehousing, & Utilities",6,"Transportation & Warehousing",2016,"2016","04000US48","Texas",11650,850.1541036776804,0.5497126987472344,"Austin, TX","16000US4805000","austin-tx",67508,9804,10578,10.134240877292495,64302,4.985848029610277,2.291007059841498
5,"Transportation & Warehousing, & Utilities",7,"Utilities",2016,"2016","04000US48","Texas",3015,428.81231325604443,0.705898838827496,"Austin, TX","16000US4805000","austin-tx",104078,25081,2977,1.2764528048370842,103039,1.0083560593561662,0.5929086940276493
6,"Information (Group)",8,"Information",2016,"2016","04000US48","Texas",16043,931.4354513330486,1.4909133472952483,"Austin, TX","16000US4805000","austin-tx",94386,7890,14597,9.90614509830787,89518,5.438012466766461,3.154903541719927
7,"Finance & Insurance, & Real Estate & Rental & Leasing",9,"Finance & Insurance",2016,"2016","04000US48","Texas",22762,1163.8560907603653,0.9599072229590807,"Austin, TX","16000US4805000","austin-tx",110675,9372,21292,6.904001502911891,105541,4.864460257151249,4.476214823700615
7,"Finance & Insurance, & Real Estate & Rental & Leasing",10,"Real Estate & Rental & Leasing",2016,"2016","04000US48","Texas",14226,927.2809714428523,1.4630358153883227,"Austin, TX","16000US4805000","austin-tx",81561,7403,14088,0.9795570698466781,78998,3.2443859338211096,2.7975851015712574
8,"Professional, Scientific, & Management, & Administrative & Waste Management Services",11,"Professional, Scientific, & Technical Services",2016,"2016","04000US48","Texas",63255,1826.4777578716908,1.8296680158399419,"Austin, TX","16000US4805000","austin-tx",129368,3575,58076,8.917625180797575,126986,1.8757973319893533,12.439283396590039
8,"Professional, Scientific, & Management, & Administrative & Waste Management Services",12,"Management of Companies & Enterprises",2016,"2016","04000US48","Texas",567,174.1551032843999,1.2915870195127763,"Austin, TX","16000US4805000","austin-tx",150484,184097,501,13.17365269461078,155759,-3.386642184400259,0.11150223201116989
8,"Professional, Scientific, & Management, & Administrative & Waste Management Services",13,"Administrative & Support & Waste Management Services",2016,"2016","04000US48","Texas",23626,1285.7966402195955,1.0869587103173834,"Austin, TX","16000US4805000","austin-tx",47316,3226,22624,4.428925035360679,45065,4.995007211805171,4.646122986765255
9,"Educational Services, & Health Care & Social Assistance",14,"Educational Services",2016,"2016","04000US48","Texas",52986,1669.5035190139613,1.1222243034249892,"Austin, TX","16000US4805000","austin-tx",76887,5153,53664,-1.263416815742397,74414,3.3232993791490846,10.41985408349885
9,"Educational Services, & Health Care & Social Assistance",15,"Health Care & Social Assistance",2016,"2016","04000US48","Texas",49366,1703.9345644713003,0.7022084070391822,"Austin, TX","16000US4805000","austin-tx",77365,6808,47933,2.9895896355329312,74699,3.5689902140590903,9.707970344732649
10,"Arts, Entertainment, & Recreation, & Accommodation & Food Services",16,"Arts, Entertainment, & Recreation",2016,"2016","04000US48","Texas",11646,864.3008735388389,1.0542242697770094,"Austin, TX","16000US4805000","austin-tx",49509,6126,11045,5.441376188320507,48477,2.1288446067207127,2.2902204479754578
10,"Arts, Entertainment, & Recreation, & Accommodation & Food Services",17,"Accommodation & Food Services",2016,"2016","04000US48","Texas",45245,1859.2097783735971,1.1862365798614012,"Austin, TX","16000US4805000","austin-tx",37986,1436,45533,-0.6325082906902686,35355,7.4416631310988555,8.897563469744942
11,"Other Services, Except Public Administration (Group)",18,"Other Services, Except Public Administration",2016,"2016","04000US48","Texas",26049,1189.3746255911128,1.0420152714052813,"Austin, TX","16000US4805000","austin-tx",,,26526,-1.7982356932820627,,NaN,5.122613124618985
12,"Public Administration (Group)",19,"Public Administration",2016,"2016","04000US48","Texas",28706,1237.4817170366598,1.1974101286078884,"Austin, TX","16000US4805000","austin-tx",99360,3832,29145,-1.5062617944758965,99793,-0.43389816921026525,5.645120056636054
0,"Agriculture, Forestry, Fishing & Hunting, & Mining",0,"Agriculture, Forestry, Fishing & Hunting",2015,"2015","04000US48","Texas",990,232.69937687926884,0.14962411436284123,"Austin, TX","16000US4805000","austin-tx",62006,34376,992,-0.20161290322580644,41106,50.844159003551795,0.20178056058308466
0,"Agriculture, Forestry, Fishing & Hunting, & Mining",1,"Mining, Quarrying, & Oil & Gas Extraction",2015,"2015","04000US48","Texas",1955,330.23779311278105,0.6548350140098895,"Austin, TX","16000US4805000","austin-tx",136168,29122,1652,18.34140435835351,137921,-1.2710174665206895,0.3984656524645763
1,"Construction (Group)",2,"Construction",2015,"2015","04000US48","Texas",34572,1641.1995612965536,1.1376490961058112,"Austin, TX","16000US4805000","austin-tx",61816,5730,33221,4.066704795159688,63148,-2.1093304617723443,7.046421758058993
2,"Manufacturing (Group)",3,"Manufacturing",2015,"2015","04000US48","Texas",34924,1394.7734583078357,0.6838303996116131,"Austin, TX","16000US4805000","austin-tx",118013,8111,35004,-0.22854530910753054,114923,2.6887568197836815,7.118165957377423
3,"Wholesale Trade (Group)",4,"Wholesale Trade",2015,"2015","04000US48","Texas",9202,820.6144039681487,0.688791884117856,"Austin, TX","16000US4805000","austin-tx",85639,8973,8880,3.6261261261261257,82974,3.2118494950225376,1.8755401196823687
4,"Retail Trade (Group)",5,"Retail Trade",2015,"2015","04000US48","Texas",50410,1684.1169793099289,0.8894578073982604,"Austin, TX","16000US4805000","austin-tx",49936,2720,49479,1.881606338042402,49001,1.908124323993388,10.274503089892221
5,"Transportation & Warehousing, & Utilities",6,"Transportation & Warehousing",2015,"2015","04000US48","Texas",10578,810.1512204520833,0.5249628812885904,"Austin, TX","16000US4805000","austin-tx",64302,8544,9476,11.629379485014773,63580,1.1355772255426233,2.15599471701805
5,"Transportation & Warehousing, & Utilities",7,"Utilities",2015,"2015","04000US48","Texas",2977,433.3647424514366,0.713026251029168,"Austin, TX","16000US4805000","austin-tx",103039,21331,3070,-3.029315960912052,108795,-5.290684314536514,0.6067684129857001
6,"Information (Group)",8,"Information",2015,"2015","04000US48","Texas",14597,830.800216658614,1.401423196677188,"Austin, TX","16000US4805000","austin-tx",89518,6539,13104,11.393467643467643,87760,2.003190519598906,2.9751422654861486
7,"Finance & Insurance, & Real Estate & Rental & Leasing",9,"Finance & Insurance",2015,"2015","04000US48","Texas",21292,1139.3090011054946,0.9263356625747061,"Austin, TX","16000US4805000","austin-tx",105541,5905,19974,6.598578151597076,101511,3.970013102028352,4.339708783772767
7,"Finance & Insurance, & Real Estate & Rental & Leasing",10,"Real Estate & Rental & Leasing",2015,"2015","04000US48","Texas",14088,1024.040038279754,1.5217267229805151,"Austin, TX","16000US4805000","austin-tx",78998,4877,13127,7.3207892130722945,76060,3.8627399421509336,2.871398522721714
8,"Professional, Scientific, & Management, & Administrative & Waste Management Services",11,"Professional, Scientific, & Technical Services",2015,"2015","04000US48","Texas",58076,1623.1503319163014,1.770956107890454,"Austin, TX","16000US4805000","austin-tx",126986,3970,53742,8.064456105094711,126598,0.30648193494368003,11.836977612548713
8,"Professional, Scientific, & Management, & Administrative & Waste Management Services",12,"Management of Companies & Enterprises",2015,"2015","04000US48","Texas",501,173.23394586512194,1.2797870045208017,"Austin, TX","16000US4805000","austin-tx",155759,227655,358,39.94413407821229,191887,-18.827747580607337,0.10211319277992467
8,"Professional, Scientific, & Management, & Administrative & Waste Management Services",13,"Administrative & Support & Waste Management Services",2015,"2015","04000US48","Texas",22624,1216.595249045466,1.0811080721233721,"Austin, TX","16000US4805000","austin-tx",45065,3666,21811,3.7274769611663836,41689,8.098059440140085,4.611195356193644
9,"Educational Services, & Health Care & Social Assistance",14,"Educational Services",2015,"2015","04000US48","Texas",53664,1700.1649919934239,1.1715481871947702,"Austin, TX","16000US4805000","austin-tx",74414,4377,52858,1.5248401377274963,73627,1.0689013541228083,10.937729296091572
9,"Educational Services, & Health Care & Social Assistance",15,"Health Care & Social Assistance",2015,"2015","04000US48","Texas",47933,1661.4848780533637,0.7072866979626542,"Austin, TX","16000US4805000","austin-tx",74699,3972,45604,5.107008157179195,74757,-0.07758470778656179,9.76964405093838
10,"Arts, Entertainment, & Recreation, & Accommodation & Food Services",16,"Arts, Entertainment, & Recreation",2015,"2015","04000US48","Texas",11045,779.970512263124,1.0425670913371328,"Austin, TX","16000US4805000","austin-tx",48477,6033,10542,4.771390627964333,49267,-1.6035074187590073,2.251178072363808
10,"Arts, Entertainment, & Recreation, & Accommodation & Food Services",17,"Accommodation & Food Services",2015,"2015","04000US48","Texas",45533,1897.9465219020267,1.2480389013527249,"Austin, TX","16000US4805000","austin-tx",35355,1638,44915,1.3759323165980184,33901,4.2889590277572935,9.280479055585449
11,"Other Services, Except Public Administration (Group)",18,"Other Services, Except Public Administration",2015,"2015","04000US48","Texas",26526,1348.1105295931784,1.0946968560207508,"Austin, TX","16000US4805000","austin-tx",,,25912,2.3695585057116393,,NaN,5.406496111138287
12,"Public Administration (Group)",19,"Public Administration",2015,"2015","04000US48","Texas",29145,1298.8552652239587,1.2373680031623249,"Austin, TX","16000US4805000","austin-tx",99793,4379,28644,1.7490573942186844,98713,1.0940808201554,5.940297412317175
0,"Agriculture, Forestry, Fishing & Hunting, & Mining",0,"Agriculture, Forestry, Fishing & Hunting",2014,"2014","04000US48","Texas",992,229.65191050805566,0.15407625430799624,"Austin, TX","16000US4805000","austin-tx",41106,34041,1042,-4.798464491362764,39905,3.0096479137952636,0.21000709197336806
0,"Agriculture, Forestry, Fishing & Hunting, & Mining",1,"Mining, Quarrying, & Oil & Gas Extraction",2014,"2014","04000US48","Texas",1652,317.1655719021218,0.5885950143041134,"Austin, TX","16000US4805000","austin-tx",137921,47822,1411,17.08008504606662,127375,8.279489695780176,0.34972955235887504
1,"Construction (Group)",2,"Construction",2014,"2014","04000US48","Texas",33221,1638.58628091413,1.1406593052027205,"Austin, TX","16000US4805000","austin-tx",63148,4408,33577,-1.0602495756023467,60376,4.591228302636809,7.032908873434739
2,"Manufacturing (Group)",3,"Manufacturing",2014,"2014","04000US48","Texas",35004,1303.5816046569541,0.7107265931640163,"Austin, TX","16000US4805000","austin-tx",114923,7859,34730,0.7889432767060179,116084,-1.0001378312256644,7.41037121717316
3,"Wholesale Trade (Group)",4,"Wholesale Trade",2014,"2014","04000US48","Texas",8880,710.8220593087977,0.6847936464144828,"Austin, TX","16000US4805000","austin-tx",82974,6018,8563,3.701973607380591,82333,0.7785456621281868,1.8799021942777299
4,"Retail Trade (Group)",5,"Retail Trade",2014,"2014","04000US48","Texas",49479,1685.0688413237008,0.9051582191095463,"Austin, TX","16000US4805000","austin-tx",49001,2556,47783,3.549379486428227,48393,1.2563800549666275,10.474738814264393
5,"Transportation & Warehousing, & Utilities",6,"Transportation & Warehousing",2014,"2014","04000US48","Texas",9476,812.5521521724005,0.49351458455861225,"Austin, TX","16000US4805000","austin-tx",63580,8697,8659,9.435269661623744,61492,3.39556365055617,2.006075810019794
5,"Transportation & Warehousing, & Utilities",7,"Utilities",2014,"2014","04000US48","Texas",3070,432.07522493195563,0.7540973544048842,"Austin, TX","16000US4805000","austin-tx",108795,17480,2871,6.931382793451759,101734,6.9406491438457145,0.6499211414901612
6,"Information (Group)",8,"Information",2014,"2014","04000US48","Texas",13104,937.1792784734412,1.2986203376092242,"Austin, TX","16000US4805000","austin-tx",87760,7955,12820,2.215288611544462,87732,0.031915378653171025,2.774125940744975
7,"Finance & Insurance, & Real Estate & Rental & Leasing",9,"Finance & Insurance",2014,"2014","04000US48","Texas",19974,1085.2326939417185,0.8956619429343811,"Austin, TX","16000US4805000","austin-tx",101511,6175,19200,4.03125,101624,-0.11119420609304888,4.22850973293957
7,"Finance & Insurance, & Real Estate & Rental & Leasing",10,"Real Estate & Rental & Leasing",2014,"2014","04000US48","Texas",13127,961.6527439777833,1.4785992144781064,"Austin, TX","16000US4805000","austin-tx",76060,6358,12492,5.083253282100545,73687,3.2203780856867565,2.778995056788712
8,"Professional, Scientific, & Management, & Administrative & Waste Management Services",11,"Professional, Scientific, & Technical Services",2014,"2014","04000US48","Texas",53742,1546.5978792174778,1.7279230182370555,"Austin, TX","16000US4805000","austin-tx",126598,5098,50767,5.860105974353418,123160,2.79149074374797,11.377218887936236
8,"Professional, Scientific, & Management, & Administrative & Waste Management Services",12,"Management of Companies & Enterprises",2014,"2014","04000US48","Texas",358,144.20124826089406,0.9972379637462224,"Austin, TX","16000US4805000","austin-tx",191887,94145,269,33.08550185873606,144142,33.123586463348644,0.07578884972425984
8,"Professional, Scientific, & Management, & Administrative & Waste Management Services",13,"Administrative & Support & Waste Management Services",2014,"2014","04000US48","Texas",21811,1274.9039179483293,1.0919347757568396,"Austin, TX","16000US4805000","austin-tx",41689,3766,21250,2.64,41286,0.9761178123334787,4.617403914345898
9,"Educational Services, & Health Care & Social Assistance",14,"Educational Services",2014,"2014","04000US48","Texas",52858,1940.7714960808757,1.1884135092129182,"Austin, TX","16000US4805000","austin-tx",73627,4986,51178,3.2826605181914106,73122,0.6906266239982495,11.190075471298679
9,"Educational Services, & Health Care & Social Assistance",15,"Health Care & Social Assistance",2014,"2014","04000US48","Texas",45604,1424.0484542318075,0.699687957646759,"Austin, TX","16000US4805000","austin-tx",74757,2719,43853,3.992885321414726,73720,1.4066739012479652,9.654398611243424
10,"Arts, Entertainment, & Recreation, & Accommodation & Food Services",16,"Arts, Entertainment, & Recreation",2014,"2014","04000US48","Texas",10542,856.5815781348558,1.038541468874932,"Austin, TX","16000US4805000","austin-tx",49267,7070,10619,-0.7251153592617008,49492,-0.45461892831164635,2.2317487536121434
10,"Arts, Entertainment, & Recreation, & Accommodation & Food Services",17,"Accommodation & Food Services",2014,"2014","04000US48","Texas",44915,2024.4478259515606,1.295478035429218,"Austin, TX","16000US4805000","austin-tx",33901,1446,42710,5.162725357059237,33080,2.4818621523579205,9.508536830628858
11,"Other Services, Except Public Administration (Group)",18,"Other Services, Except Public Administration",2014,"2014","04000US48","Texas",25912,1183.841205567706,1.106246638604297,"Austin, TX","16000US4805000","austin-tx",,,25330,2.2976707461508097,,NaN,5.4855884750140245
12,"Public Administration (Group)",19,"Public Administration",2014,"2014","04000US48","Texas",28644,1146.4035066240856,1.2327286935676105,"Austin, TX","16000US4805000","austin-tx",98713,3440,28649,-0.01745261614716046,98098,0.6269240963118514,6.063954780731002
0,"Agriculture, Forestry, Fishing & Hunting, & Mining",0,"Agriculture, Forestry, Fishing & Hunting",2013,"2013","04000US48","Texas",1042,214.36650857818253,0.16678178497186652,"Austin, TX","16000US4805000","austin-tx",39905,18381,,NaN,,NaN,0.22762373490791288
0,"Agriculture, Forestry, Fishing & Hunting, & Mining",1,"Mining, Quarrying, & Oil & Gas Extraction",2013,"2013","04000US48","Texas",1411,293.8383909566618,0.5499350453288651,"Austin, TX","16000US4805000","austin-tx",127375,36757,,NaN,,NaN,0.3082313723177208
1,"Construction (Group)",2,"Construction",2013,"2013","04000US48","Texas",33577,1743.7895515227747,1.1738503617083722,"Austin, TX","16000US4805000","austin-tx",60376,5235,,NaN,,NaN,7.334858106528781
2,"Manufacturing (Group)",3,"Manufacturing",2013,"2013","04000US48","Texas",34730,1301.992703512581,0.7239244524594869,"Austin, TX","16000US4805000","austin-tx",116084,7522,,NaN,,NaN,7.586729667324198
3,"Wholesale Trade (Group)",4,"Wholesale Trade",2013,"2013","04000US48","Texas",8563,797.1963371717158,0.673888536177411,"Austin, TX","16000US4805000","austin-tx",82333,12953,,NaN,,NaN,1.8705777754476565
4,"Retail Trade (Group)",5,"Retail Trade",2013,"2013","04000US48","Texas",47783,1669.6301985769185,0.9020922372966921,"Austin, TX","16000US4805000","austin-tx",48393,2705,,NaN,,NaN,10.438142922365452
5,"Transportation & Warehousing, & Utilities",6,"Transportation & Warehousing",2013,"2013","04000US48","Texas",8659,762.9554377550501,0.4644978084677225,"Austin, TX","16000US4805000","austin-tx",61492,8105,,NaN,,NaN,1.8915488681071186
5,"Transportation & Warehousing, & Utilities",7,"Utilities",2013,"2013","04000US48","Texas",2871,376.83020048823045,0.7212692665440279,"Austin, TX","16000US4805000","austin-tx",101734,14777,,NaN,,NaN,0.6271667398470421
6,"Information (Group)",8,"Information",2013,"2013","04000US48","Texas",12820,825.954599236544,1.2999110841035917,"Austin, TX","16000US4805000","austin-tx",87732,7144,,NaN,,NaN,2.800514665565684
7,"Finance & Insurance, & Real Estate & Rental & Leasing",9,"Finance & Insurance",2013,"2013","04000US48","Texas",19200,1079.3780616632896,0.8778332679943572,"Austin, TX","16000US4805000","austin-tx",101624,5447,,NaN,,NaN,4.194218531892444
7,"Finance & Insurance, & Real Estate & Rental & Leasing",10,"Real Estate & Rental & Leasing",2013,"2013","04000US48","Texas",12492,797.9279416087646,1.4383021668355738,"Austin, TX","16000US4805000","austin-tx",73687,5526,,NaN,,NaN,2.728863432312522
8,"Professional, Scientific, & Management, & Administrative & Waste Management Services",11,"Professional, Scientific, & Technical Services",2013,"2013","04000US48","Texas",50767,1671.1271645210006,1.6999701593899041,"Austin, TX","16000US4805000","austin-tx",123160,4330,,NaN,,NaN,11.089994385863736
8,"Professional, Scientific, & Management, & Administrative & Waste Management Services",12,"Management of Companies & Enterprises",2013,"2013","04000US48","Texas",269,132.5028301584536,0.7649018785338639,"Austin, TX","16000US4805000","austin-tx",144142,194887,,NaN,,NaN,0.05876274922286811
8,"Professional, Scientific, & Management, & Administrative & Waste Management Services",13,"Administrative & Support & Waste Management Services",2013,"2013","04000US48","Texas",21250,1183.338497641313,1.1092533523087238,"Austin, TX","16000US4805000","austin-tx",41286,3177,,NaN,,NaN,4.64203873972471
9,"Educational Services, & Health Care & Social Assistance",14,"Educational Services",2013,"2013","04000US48","Texas",51178,1747.3007754820005,1.1812564743801828,"Austin, TX","16000US4805000","austin-tx",73122,4675,,NaN,,NaN,11.179776876312058
9,"Educational Services, & Health Care & Social Assistance",15,"Health Care & Social Assistance",2013,"2013","04000US48","Texas",43853,1496.8720720221886,0.6989114865782221,"Austin, TX","16000US4805000","austin-tx",73720,2833,,NaN,,NaN,9.579638816618717
10,"Arts, Entertainment, & Recreation, & Accommodation & Food Services",16,"Arts, Entertainment, & Recreation",2013,"2013","04000US48","Texas",10619,811.7893815516436,1.0882886275355244,"Austin, TX","16000US4805000","austin-tx",49492,6398,,NaN,,NaN,2.319708676571139
10,"Arts, Entertainment, & Recreation, & Accommodation & Food Services",17,"Accommodation & Food Services",2013,"2013","04000US48","Texas",42710,1783.484791076167,1.2926930856828829,"Austin, TX","16000US4805000","austin-tx",33080,1655,,NaN,,NaN,9.329951744641996
11,"Other Services, Except Public Administration (Group)",18,"Other Services, Except Public Administration",2013,"2013","04000US48","Texas",25330,1299.8907646413986,1.1145549302957602,"Austin, TX","16000US4805000","austin-tx",,,,NaN,,NaN,5.533310177751855
12,"Public Administration (Group)",19,"Public Administration",2013,"2013","04000US48","Texas",28649,1188.128780898771,1.2622003630315926,"Austin, TX","16000US4805000","austin-tx",98098,3224,,NaN,,NaN,6.258342016676388